/*Data for the table `area` */
insert  into `area`(`id`) values (1);
insert  into `area`(`id`) values (2);
insert  into `area`(`id`) values (3);
insert  into `area`(`id`) values (4);
insert  into `area`(`id`) values (5);
insert  into `area`(`id`) values (6);
insert  into `area`(`id`) values (7);

/*Data for the table `i18n` */

insert  into `i18n`(`id`,`language`,`text`) values (1,'es','América del Sur');
insert  into `i18n`(`id`,`language`,`text`) values (2,'en','South America');
insert  into `i18n`(`id`,`language`,`text`) values (3,'es','América del Norte');
insert  into `i18n`(`id`,`language`,`text`) values (4,'en','North America');
insert  into `i18n`(`id`,`language`,`text`) values (5,'es','Argentina');
insert  into `i18n`(`id`,`language`,`text`) values (6,'en','Argentine');
insert  into `i18n`(`id`,`language`,`text`) values (7,'en','Brazil');
insert  into `i18n`(`id`,`language`,`text`) values (8,'es','Brasil');
insert  into `i18n`(`id`,`language`,`text`) values (9,'en','United States');
insert  into `i18n`(`id`,`language`,`text`) values (10,'es','Estados Unidos');
insert  into `i18n`(`id`,`language`,`text`) values (11,'en','Canada');
insert  into `i18n`(`id`,`language`,`text`) values (12,'es','Canadá');

insert  into `i18n`(`id`,`language`,`text`) values (13,'es','América Central');
insert  into `i18n`(`id`,`language`,`text`) values (14,'en','Central America');
insert  into `i18n`(`id`,`language`,`text`) values (15,'es','Europa');
insert  into `i18n`(`id`,`language`,`text`) values (16,'en','Europe');
insert  into `i18n`(`id`,`language`,`text`) values (17,'es','Asia');
insert  into `i18n`(`id`,`language`,`text`) values (18,'en','Asia');
insert  into `i18n`(`id`,`language`,`text`) values (19,'es','Oceanía');
insert  into `i18n`(`id`,`language`,`text`) values (20,'en','Oceania');
insert  into `i18n`(`id`,`language`,`text`) values (21,'es','Africa');
insert  into `i18n`(`id`,`language`,`text`) values (22,'en','Africa');

insert  into `i18n`(`id`,`language`,`text`) values (23,'es','Chile');
insert  into `i18n`(`id`,`language`,`text`) values (24,'en','Chile');
insert  into `i18n`(`id`,`language`,`text`) values (25,'es','Perú');
insert  into `i18n`(`id`,`language`,`text`) values (26,'en','Peru');
insert  into `i18n`(`id`,`language`,`text`) values (27,'es','Ecuador');
insert  into `i18n`(`id`,`language`,`text`) values (28,'en','Ecuador');
insert  into `i18n`(`id`,`language`,`text`) values (29,'es','Colombia');
insert  into `i18n`(`id`,`language`,`text`) values (30,'en','Colombia');
insert  into `i18n`(`id`,`language`,`text`) values (31,'es','Venezuela');
insert  into `i18n`(`id`,`language`,`text`) values (32,'en','Venezuela');
insert  into `i18n`(`id`,`language`,`text`) values (33,'es','Guyana');
insert  into `i18n`(`id`,`language`,`text`) values (34,'en','Guiana');
insert  into `i18n`(`id`,`language`,`text`) values (35,'es','Suriname');
insert  into `i18n`(`id`,`language`,`text`) values (36,'en','Suriname');
insert  into `i18n`(`id`,`language`,`text`) values (37,'es','Guyane');
insert  into `i18n`(`id`,`language`,`text`) values (38,'en','French Guiana');
insert  into `i18n`(`id`,`language`,`text`) values (39,'es','Uruguay');
insert  into `i18n`(`id`,`language`,`text`) values (40,'en','Uruguay');

insert  into `i18n`(`id`,`language`,`text`) values (41,'es','Méjico');
insert  into `i18n`(`id`,`language`,`text`) values (42,'en','Mexico');
insert  into `i18n`(`id`,`language`,`text`) values (43,'es','Guatemala');
insert  into `i18n`(`id`,`language`,`text`) values (44,'en','Guatemala');
insert  into `i18n`(`id`,`language`,`text`) values (45,'es','Honduras');
insert  into `i18n`(`id`,`language`,`text`) values (46,'en','Honduras');
insert  into `i18n`(`id`,`language`,`text`) values (47,'es','Nicaragua');
insert  into `i18n`(`id`,`language`,`text`) values (48,'en','Nicaragua');
insert  into `i18n`(`id`,`language`,`text`) values (49,'es','Costa Rica');
insert  into `i18n`(`id`,`language`,`text`) values (50,'en','Costa Rica');
insert  into `i18n`(`id`,`language`,`text`) values (51,'es','Panamá');
insert  into `i18n`(`id`,`language`,`text`) values (52,'en','Panama');
insert  into `i18n`(`id`,`language`,`text`) values (53,'es','Cuba');
insert  into `i18n`(`id`,`language`,`text`) values (54,'en','Cuba');
insert  into `i18n`(`id`,`language`,`text`) values (55,'es','República Dominicana');
insert  into `i18n`(`id`,`language`,`text`) values (56,'en','Dominican Republic');
insert  into `i18n`(`id`,`language`,`text`) values (57,'es','Puerto Rico');
insert  into `i18n`(`id`,`language`,`text`) values (58,'en','Puerto Rico');
insert  into `i18n`(`id`,`language`,`text`) values (59,'es','Haití');
insert  into `i18n`(`id`,`language`,`text`) values (60,'en','Haiti');

insert  into `i18n`(`id`,`language`,`text`) values (61,'es','Groenlandia');
insert  into `i18n`(`id`,`language`,`text`) values (62,'en','Greenland');

insert  into `i18n`(`id`,`language`,`text`) values (63,'es','Islandia');
insert  into `i18n`(`id`,`language`,`text`) values (64,'en','Iceland');
insert  into `i18n`(`id`,`language`,`text`) values (65,'es','Irlanda');
insert  into `i18n`(`id`,`language`,`text`) values (66,'en','Ireland');
insert  into `i18n`(`id`,`language`,`text`) values (67,'es','Reino Unido');
insert  into `i18n`(`id`,`language`,`text`) values (68,'en','United Kingdom');
insert  into `i18n`(`id`,`language`,`text`) values (69,'es','Portugal');
insert  into `i18n`(`id`,`language`,`text`) values (70,'en','Portugal');
insert  into `i18n`(`id`,`language`,`text`) values (71,'es','España');
insert  into `i18n`(`id`,`language`,`text`) values (72,'en','Spain');
insert  into `i18n`(`id`,`language`,`text`) values (73,'es','Francia');
insert  into `i18n`(`id`,`language`,`text`) values (74,'en','France');
insert  into `i18n`(`id`,`language`,`text`) values (75,'es','Bélgica');
insert  into `i18n`(`id`,`language`,`text`) values (76,'en','Belgium');
insert  into `i18n`(`id`,`language`,`text`) values (77,'es','Holanda');
insert  into `i18n`(`id`,`language`,`text`) values (78,'en','Netherlands');
insert  into `i18n`(`id`,`language`,`text`) values (79,'es','Dinamarca');
insert  into `i18n`(`id`,`language`,`text`) values (80,'en','Denmark');
insert  into `i18n`(`id`,`language`,`text`) values (81,'es','Noruega');
insert  into `i18n`(`id`,`language`,`text`) values (82,'en','Norway');
insert  into `i18n`(`id`,`language`,`text`) values (83,'es','Suecia');
insert  into `i18n`(`id`,`language`,`text`) values (84,'en','Sweeden');

insert  into `i18n`(`id`,`language`,`text`) values (85,'es','Rusia');
insert  into `i18n`(`id`,`language`,`text`) values (86,'en','Russia');
insert  into `i18n`(`id`,`language`,`text`) values (87,'es','China');
insert  into `i18n`(`id`,`language`,`text`) values (88,'en','China');
insert  into `i18n`(`id`,`language`,`text`) values (89,'es','Japón');
insert  into `i18n`(`id`,`language`,`text`) values (90,'en','Japan');
insert  into `i18n`(`id`,`language`,`text`) values (91,'es','India');
insert  into `i18n`(`id`,`language`,`text`) values (92,'en','India');
insert  into `i18n`(`id`,`language`,`text`) values (93,'es','Tailandia');
insert  into `i18n`(`id`,`language`,`text`) values (94,'en','Thailand');
insert  into `i18n`(`id`,`language`,`text`) values (95,'es','Malasia');
insert  into `i18n`(`id`,`language`,`text`) values (96,'en','Malaysia');
insert  into `i18n`(`id`,`language`,`text`) values (97,'es','Cambodia');
insert  into `i18n`(`id`,`language`,`text`) values (98,'en','Cambodia');
insert  into `i18n`(`id`,`language`,`text`) values (99,'es','Vietnam');
insert  into `i18n`(`id`,`language`,`text`) values (100,'en','Vietnam');
insert  into `i18n`(`id`,`language`,`text`) values (101,'es','Filipinas');
insert  into `i18n`(`id`,`language`,`text`) values (102,'en','Philippines');
insert  into `i18n`(`id`,`language`,`text`) values (103,'es','Indonesia');
insert  into `i18n`(`id`,`language`,`text`) values (104,'en','Indonesia');
insert  into `i18n`(`id`,`language`,`text`) values (105,'es','Nueva Guinea');
insert  into `i18n`(`id`,`language`,`text`) values (106,'en','New Guinea');

insert  into `i18n`(`id`,`language`,`text`) values (107,'es','Australia');
insert  into `i18n`(`id`,`language`,`text`) values (108,'en','Australia');
insert  into `i18n`(`id`,`language`,`text`) values (109,'es','Nueva Zelanda');
insert  into `i18n`(`id`,`language`,`text`) values (110,'en','New Zeland');
insert  into `i18n`(`id`,`language`,`text`) values (111,'es','Tasmania');
insert  into `i18n`(`id`,`language`,`text`) values (112,'en','Tasmania');

insert  into `i18n`(`id`,`language`,`text`) values (113,'es','Marruecos');
insert  into `i18n`(`id`,`language`,`text`) values (114,'en','Morocco');
insert  into `i18n`(`id`,`language`,`text`) values (115,'es','Mauritania');
insert  into `i18n`(`id`,`language`,`text`) values (116,'en','Mauritania');
insert  into `i18n`(`id`,`language`,`text`) values (117,'es','Guinea');
insert  into `i18n`(`id`,`language`,`text`) values (118,'en','Guinea');
insert  into `i18n`(`id`,`language`,`text`) values (119,'es','Ghana');
insert  into `i18n`(`id`,`language`,`text`) values (120,'en','Ghana');
insert  into `i18n`(`id`,`language`,`text`) values (121,'es','Nigeria');
insert  into `i18n`(`id`,`language`,`text`) values (122,'en','Nigeria');
insert  into `i18n`(`id`,`language`,`text`) values (123,'es','Gabon');
insert  into `i18n`(`id`,`language`,`text`) values (124,'en','Gabon');
insert  into `i18n`(`id`,`language`,`text`) values (125,'es','Angola');
insert  into `i18n`(`id`,`language`,`text`) values (126,'en','Angola');
insert  into `i18n`(`id`,`language`,`text`) values (127,'es','Namibia');
insert  into `i18n`(`id`,`language`,`text`) values (128,'en','Namibia');
insert  into `i18n`(`id`,`language`,`text`) values (129,'es','Sudáfrica');
insert  into `i18n`(`id`,`language`,`text`) values (130,'en','South Africa');
insert  into `i18n`(`id`,`language`,`text`) values (131,'es','Mozambique');
insert  into `i18n`(`id`,`language`,`text`) values (132,'en','Mozambique');
insert  into `i18n`(`id`,`language`,`text`) values (133,'es','Madagascar');
insert  into `i18n`(`id`,`language`,`text`) values (134,'en','Madagascar');
insert  into `i18n`(`id`,`language`,`text`) values (135,'es','Tanzania');
insert  into `i18n`(`id`,`language`,`text`) values (136,'en','Tanzania');
insert  into `i18n`(`id`,`language`,`text`) values (137,'es','Kenia');
insert  into `i18n`(`id`,`language`,`text`) values (138,'en','Kenya');
insert  into `i18n`(`id`,`language`,`text`) values (139,'es','Somalia');
insert  into `i18n`(`id`,`language`,`text`) values (140,'en','Somalia');
insert  into `i18n`(`id`,`language`,`text`) values (141,'es','Yemen');
insert  into `i18n`(`id`,`language`,`text`) values (142,'en','Yemen');
insert  into `i18n`(`id`,`language`,`text`) values (143,'es','Omán');
insert  into `i18n`(`id`,`language`,`text`) values (144,'en','Oman');

/*Data for the table `area_i18n` */

insert  into `area_i18n`(`Area_id`,`names_id`) values (1,1);
insert  into `area_i18n`(`Area_id`,`names_id`) values (1,2);
insert  into `area_i18n`(`Area_id`,`names_id`) values (2,3);
insert  into `area_i18n`(`Area_id`,`names_id`) values (2,4);
insert  into `area_i18n`(`Area_id`,`names_id`) values (3,13);
insert  into `area_i18n`(`Area_id`,`names_id`) values (3,14);
insert  into `area_i18n`(`Area_id`,`names_id`) values (4,15);
insert  into `area_i18n`(`Area_id`,`names_id`) values (4,16);
insert  into `area_i18n`(`Area_id`,`names_id`) values (5,17);
insert  into `area_i18n`(`Area_id`,`names_id`) values (5,18);
insert  into `area_i18n`(`Area_id`,`names_id`) values (6,19);
insert  into `area_i18n`(`Area_id`,`names_id`) values (6,20);
insert  into `area_i18n`(`Area_id`,`names_id`) values (7,21);
insert  into `area_i18n`(`Area_id`,`names_id`) values (7,22);

/*Data for the table `comparation` */

/*Data for the table `comparation_spot` */

/*Data for the table `country` */

insert  into `country`(`id`,`area_id`) values (1,1);
insert  into `country`(`id`,`area_id`) values (2,1);
insert  into `country`(`id`,`area_id`) values (3,2);
insert  into `country`(`id`,`area_id`) values (4,2);

insert  into `country`(`id`,`area_id`) values (5,1);
insert  into `country`(`id`,`area_id`) values (6,1);
insert  into `country`(`id`,`area_id`) values (7,1);
insert  into `country`(`id`,`area_id`) values (8,1);
insert  into `country`(`id`,`area_id`) values (9,1);
insert  into `country`(`id`,`area_id`) values (10,1);
insert  into `country`(`id`,`area_id`) values (11,1);
insert  into `country`(`id`,`area_id`) values (12,1);
insert  into `country`(`id`,`area_id`) values (13,1);

insert  into `country`(`id`,`area_id`) values (14,2);

insert  into `country`(`id`,`area_id`) values (16,3);
insert  into `country`(`id`,`area_id`) values (17,3);
insert  into `country`(`id`,`area_id`) values (18,3);
insert  into `country`(`id`,`area_id`) values (19,3);
insert  into `country`(`id`,`area_id`) values (20,3);
insert  into `country`(`id`,`area_id`) values (21,3);
insert  into `country`(`id`,`area_id`) values (22,3);
insert  into `country`(`id`,`area_id`) values (23,3);
insert  into `country`(`id`,`area_id`) values (24,3);
insert  into `country`(`id`,`area_id`) values (25,3);

insert  into `country`(`id`,`area_id`) values (26,4);
insert  into `country`(`id`,`area_id`) values (27,4);
insert  into `country`(`id`,`area_id`) values (28,4);
insert  into `country`(`id`,`area_id`) values (29,4);
insert  into `country`(`id`,`area_id`) values (30,4);
insert  into `country`(`id`,`area_id`) values (31,4);
insert  into `country`(`id`,`area_id`) values (32,4);
insert  into `country`(`id`,`area_id`) values (33,4);
insert  into `country`(`id`,`area_id`) values (34,4);
insert  into `country`(`id`,`area_id`) values (35,4);
insert  into `country`(`id`,`area_id`) values (36,4);

insert  into `country`(`id`,`area_id`) values (37,5);
insert  into `country`(`id`,`area_id`) values (38,5);
insert  into `country`(`id`,`area_id`) values (39,5);
insert  into `country`(`id`,`area_id`) values (40,5);
insert  into `country`(`id`,`area_id`) values (41,5);
insert  into `country`(`id`,`area_id`) values (42,5);
insert  into `country`(`id`,`area_id`) values (43,5);
insert  into `country`(`id`,`area_id`) values (44,5);
insert  into `country`(`id`,`area_id`) values (45,5);
insert  into `country`(`id`,`area_id`) values (46,5);
insert  into `country`(`id`,`area_id`) values (47,5);

insert  into `country`(`id`,`area_id`) values (48,6);
insert  into `country`(`id`,`area_id`) values (49,6);
insert  into `country`(`id`,`area_id`) values (50,6);

insert  into `country`(`id`,`area_id`) values (51,7);
insert  into `country`(`id`,`area_id`) values (52,7);
insert  into `country`(`id`,`area_id`) values (53,7);
insert  into `country`(`id`,`area_id`) values (54,7);
insert  into `country`(`id`,`area_id`) values (55,7);
insert  into `country`(`id`,`area_id`) values (56,7);
insert  into `country`(`id`,`area_id`) values (57,7);
insert  into `country`(`id`,`area_id`) values (58,7);
insert  into `country`(`id`,`area_id`) values (59,7);
insert  into `country`(`id`,`area_id`) values (60,7);
insert  into `country`(`id`,`area_id`) values (61,7);
insert  into `country`(`id`,`area_id`) values (62,7);
insert  into `country`(`id`,`area_id`) values (63,7);
insert  into `country`(`id`,`area_id`) values (64,7);
insert  into `country`(`id`,`area_id`) values (65,7);
insert  into `country`(`id`,`area_id`) values (66,7);

/*Data for the table `country_i18n` */

insert  into `country_i18n`(`Country_id`,`names_id`) values (1,5);
insert  into `country_i18n`(`Country_id`,`names_id`) values (1,6);
insert  into `country_i18n`(`Country_id`,`names_id`) values (2,7);
insert  into `country_i18n`(`Country_id`,`names_id`) values (2,8);
insert  into `country_i18n`(`Country_id`,`names_id`) values (3,9);
insert  into `country_i18n`(`Country_id`,`names_id`) values (3,10);
insert  into `country_i18n`(`Country_id`,`names_id`) values (4,11);
insert  into `country_i18n`(`Country_id`,`names_id`) values (4,12);

insert  into `country_i18n`(`Country_id`,`names_id`) values (5,23);
insert  into `country_i18n`(`Country_id`,`names_id`) values (5,24);
insert  into `country_i18n`(`Country_id`,`names_id`) values (6,25);
insert  into `country_i18n`(`Country_id`,`names_id`) values (6,26);
insert  into `country_i18n`(`Country_id`,`names_id`) values (7,27);
insert  into `country_i18n`(`Country_id`,`names_id`) values (7,28);
insert  into `country_i18n`(`Country_id`,`names_id`) values (8,29);
insert  into `country_i18n`(`Country_id`,`names_id`) values (8,30);
insert  into `country_i18n`(`Country_id`,`names_id`) values (9,31);
insert  into `country_i18n`(`Country_id`,`names_id`) values (9,32);
insert  into `country_i18n`(`Country_id`,`names_id`) values (10,33);
insert  into `country_i18n`(`Country_id`,`names_id`) values (10,34);
insert  into `country_i18n`(`Country_id`,`names_id`) values (11,35);
insert  into `country_i18n`(`Country_id`,`names_id`) values (11,36);
insert  into `country_i18n`(`Country_id`,`names_id`) values (12,37);
insert  into `country_i18n`(`Country_id`,`names_id`) values (12,38);
insert  into `country_i18n`(`Country_id`,`names_id`) values (13,39);
insert  into `country_i18n`(`Country_id`,`names_id`) values (13,40);

insert  into `country_i18n`(`Country_id`,`names_id`) values (14,61);
insert  into `country_i18n`(`Country_id`,`names_id`) values (14,62);

insert  into `country_i18n`(`Country_id`,`names_id`) values (16,41);
insert  into `country_i18n`(`Country_id`,`names_id`) values (16,42);
insert  into `country_i18n`(`Country_id`,`names_id`) values (17,43);
insert  into `country_i18n`(`Country_id`,`names_id`) values (17,44);
insert  into `country_i18n`(`Country_id`,`names_id`) values (18,45);
insert  into `country_i18n`(`Country_id`,`names_id`) values (18,46);
insert  into `country_i18n`(`Country_id`,`names_id`) values (19,47);
insert  into `country_i18n`(`Country_id`,`names_id`) values (19,48);
insert  into `country_i18n`(`Country_id`,`names_id`) values (20,49);
insert  into `country_i18n`(`Country_id`,`names_id`) values (20,50);
insert  into `country_i18n`(`Country_id`,`names_id`) values (21,51);
insert  into `country_i18n`(`Country_id`,`names_id`) values (21,52);
insert  into `country_i18n`(`Country_id`,`names_id`) values (22,53);
insert  into `country_i18n`(`Country_id`,`names_id`) values (22,54);
insert  into `country_i18n`(`Country_id`,`names_id`) values (23,55);
insert  into `country_i18n`(`Country_id`,`names_id`) values (23,56);
insert  into `country_i18n`(`Country_id`,`names_id`) values (24,57);
insert  into `country_i18n`(`Country_id`,`names_id`) values (24,58);
insert  into `country_i18n`(`Country_id`,`names_id`) values (25,59);
insert  into `country_i18n`(`Country_id`,`names_id`) values (25,60);

insert  into `country_i18n`(`Country_id`,`names_id`) values (26,63);
insert  into `country_i18n`(`Country_id`,`names_id`) values (26,64);
insert  into `country_i18n`(`Country_id`,`names_id`) values (27,65);
insert  into `country_i18n`(`Country_id`,`names_id`) values (27,66);
insert  into `country_i18n`(`Country_id`,`names_id`) values (28,67);
insert  into `country_i18n`(`Country_id`,`names_id`) values (28,68);
insert  into `country_i18n`(`Country_id`,`names_id`) values (29,69);
insert  into `country_i18n`(`Country_id`,`names_id`) values (29,70);
insert  into `country_i18n`(`Country_id`,`names_id`) values (30,71);
insert  into `country_i18n`(`Country_id`,`names_id`) values (30,72);
insert  into `country_i18n`(`Country_id`,`names_id`) values (31,73);
insert  into `country_i18n`(`Country_id`,`names_id`) values (31,74);
insert  into `country_i18n`(`Country_id`,`names_id`) values (32,75);
insert  into `country_i18n`(`Country_id`,`names_id`) values (32,76);
insert  into `country_i18n`(`Country_id`,`names_id`) values (33,77);
insert  into `country_i18n`(`Country_id`,`names_id`) values (33,78);
insert  into `country_i18n`(`Country_id`,`names_id`) values (34,79);
insert  into `country_i18n`(`Country_id`,`names_id`) values (34,80);
insert  into `country_i18n`(`Country_id`,`names_id`) values (35,81);
insert  into `country_i18n`(`Country_id`,`names_id`) values (35,82);
insert  into `country_i18n`(`Country_id`,`names_id`) values (36,83);
insert  into `country_i18n`(`Country_id`,`names_id`) values (36,84);
insert  into `country_i18n`(`Country_id`,`names_id`) values (37,85);
insert  into `country_i18n`(`Country_id`,`names_id`) values (37,86);
insert  into `country_i18n`(`Country_id`,`names_id`) values (38,87);
insert  into `country_i18n`(`Country_id`,`names_id`) values (38,88);
insert  into `country_i18n`(`Country_id`,`names_id`) values (39,89);
insert  into `country_i18n`(`Country_id`,`names_id`) values (39,90);
insert  into `country_i18n`(`Country_id`,`names_id`) values (40,91);
insert  into `country_i18n`(`Country_id`,`names_id`) values (40,92);
insert  into `country_i18n`(`Country_id`,`names_id`) values (41,93);
insert  into `country_i18n`(`Country_id`,`names_id`) values (41,94);
insert  into `country_i18n`(`Country_id`,`names_id`) values (42,95);
insert  into `country_i18n`(`Country_id`,`names_id`) values (42,96);
insert  into `country_i18n`(`Country_id`,`names_id`) values (43,97);
insert  into `country_i18n`(`Country_id`,`names_id`) values (43,98);
insert  into `country_i18n`(`Country_id`,`names_id`) values (44,99);
insert  into `country_i18n`(`Country_id`,`names_id`) values (44,100);
insert  into `country_i18n`(`Country_id`,`names_id`) values (45,101);
insert  into `country_i18n`(`Country_id`,`names_id`) values (45,102);
insert  into `country_i18n`(`Country_id`,`names_id`) values (46,103);
insert  into `country_i18n`(`Country_id`,`names_id`) values (46,104);
insert  into `country_i18n`(`Country_id`,`names_id`) values (47,105);
insert  into `country_i18n`(`Country_id`,`names_id`) values (47,106);
insert  into `country_i18n`(`Country_id`,`names_id`) values (48,107);
insert  into `country_i18n`(`Country_id`,`names_id`) values (48,108);
insert  into `country_i18n`(`Country_id`,`names_id`) values (49,109);
insert  into `country_i18n`(`Country_id`,`names_id`) values (49,110);
insert  into `country_i18n`(`Country_id`,`names_id`) values (50,111);
insert  into `country_i18n`(`Country_id`,`names_id`) values (50,112);
insert  into `country_i18n`(`Country_id`,`names_id`) values (51,113);
insert  into `country_i18n`(`Country_id`,`names_id`) values (51,114);
insert  into `country_i18n`(`Country_id`,`names_id`) values (52,115);
insert  into `country_i18n`(`Country_id`,`names_id`) values (52,116);
insert  into `country_i18n`(`Country_id`,`names_id`) values (53,117);
insert  into `country_i18n`(`Country_id`,`names_id`) values (53,118);
insert  into `country_i18n`(`Country_id`,`names_id`) values (54,119);
insert  into `country_i18n`(`Country_id`,`names_id`) values (54,120);
insert  into `country_i18n`(`Country_id`,`names_id`) values (55,121);
insert  into `country_i18n`(`Country_id`,`names_id`) values (55,122);
insert  into `country_i18n`(`Country_id`,`names_id`) values (56,123);
insert  into `country_i18n`(`Country_id`,`names_id`) values (56,124);
insert  into `country_i18n`(`Country_id`,`names_id`) values (57,125);
insert  into `country_i18n`(`Country_id`,`names_id`) values (57,126);
insert  into `country_i18n`(`Country_id`,`names_id`) values (58,127);
insert  into `country_i18n`(`Country_id`,`names_id`) values (58,128);
insert  into `country_i18n`(`Country_id`,`names_id`) values (59,129);
insert  into `country_i18n`(`Country_id`,`names_id`) values (59,130);
insert  into `country_i18n`(`Country_id`,`names_id`) values (60,131);
insert  into `country_i18n`(`Country_id`,`names_id`) values (60,132);
insert  into `country_i18n`(`Country_id`,`names_id`) values (61,133);
insert  into `country_i18n`(`Country_id`,`names_id`) values (61,134);
insert  into `country_i18n`(`Country_id`,`names_id`) values (62,135);
insert  into `country_i18n`(`Country_id`,`names_id`) values (62,136);
insert  into `country_i18n`(`Country_id`,`names_id`) values (63,137);
insert  into `country_i18n`(`Country_id`,`names_id`) values (63,138);
insert  into `country_i18n`(`Country_id`,`names_id`) values (64,139);
insert  into `country_i18n`(`Country_id`,`names_id`) values (64,140);
insert  into `country_i18n`(`Country_id`,`names_id`) values (65,141);
insert  into `country_i18n`(`Country_id`,`names_id`) values (65,142);
insert  into `country_i18n`(`Country_id`,`names_id`) values (66,143);
insert  into `country_i18n`(`Country_id`,`names_id`) values (66,144);

/*Data for the table `description` */

/*Data for the table `description_i18n` */


/*Data for the table `spot` */

/*Data for the table `user` */

insert  into `user`(`id`,`name`,`lastName`,`email`,`password`,`userName`,`userType`) values (1,'Administrador','Administrador','admin@gmail.com','admin','admin','ADMINISTRATOR');
insert  into `user`(`id`,`name`,`lastName`,`email`,`password`,`userName`,`userType`) values (2,'maxi','maxi','maxi@gmail.com','maxii','maxi','REGISTERED_USER');